Mitsubishi;Carisma;1995;WIK397;Morado
Mitsubishi;GTO;1998;NCE933;Blanco
Toyota;Celica;2001;VRF986;Burdeo
Toyota;Alpharad;2003;BFW526;Rojo
Honda;FR-V;2005;ODD375;Burdeo
Honda;Quint;1982;BKB565;Amarillo
Honda;Jazz;2008;BBK291;Blanco
Ferrari;F355;1996;QTR635;Amarillo
Toyota;T100;1998;IGU223;Negro
Toyota;Hilux;2021;LRF464;Azul
Honda;Jazz;2017;ZNS499;Amarillo
Ferrari;F430;2004;XJJ646;Morado
Ferrari;F355;1996;WTD587;Burdeo
Mitsubishi;GTO;1997;TZY532;Burdeo
Toyota;Supra;1999;EEJ185;Verde
Ferrari;575M Maranello;2004;DYF115;Blanco
Toyota;Celica;1987;XDI869;Amarillo
Ferrari;Enzo;2004;RSX277;Verde
Honda;Vigor;1994;OUG233;Blanco
Honda;Life;1971;RAV816;Azul
Honda;Brio;2011;OZR291;Amarillo
Ferrari;Purosangue;2022;EAD225;Rojo
Toyota;Alpharad;2018;KLX565;Negro
Toyota;Yaris;2014;OBN783;Blanco
Toyota;Alpharad;2017;BVV311;Negro
Toyota;2000GT;1968;BMA415;Verde
Honda;Civic Type-R;2002;TPB416;Burdeo
Ferrari;Daytona;1971;QRJ948;Azul
Honda;S2000;2008;YYE478;Amarillo
Ferrari;Purosangue;2023;DPB264;Negro
Ferrari;Enzo;2002;SVK443;Amarillo
Honda;Fit;2013;ZBG743;Negro
Mitsubishi;GTO;2000;LMX922;Blanco
Ferrari;275;1965;WSO266;Blanco
Toyota;GT86;2015;MUD742;Rojo
Toyota;Supra;2020;LMW372;Azul
Honda;Accord;1980;UPC629;Negro
Toyota;Supra;2022;VZJ934;Amarillo
Mitsubishi;Colt;1999;DUL133;Morado
Ferrari;Purosangue;2023;HRG838;Rojo
Toyota;Alpharad;2020;VMJ621;Rojo
Ferrari;Purosangue;2023;ZBA763;Negro
Honda;Logo;1998;WYN491;Blanco
Mitsubishi;Carisma;2003;NKA691;Negro
Ferrari;575M Maranello;2003;RAO412;Amarillo
Toyota;T100;1998;VPG181;Blanco
Honda;CR-V;2017;YLG799;Burdeo
Ferrari;F430;2007;NLN896;Negro
Mitsubishi;Galant;1995;FAS918;Morado
Ferrari;California;2012;ZPL373;Blanco
Ferrari;F355;1995;YKM125;Verde
Honda;Beat;1992;QXV542;Burdeo
Toyota;Supra;1983;EJD216;Azul
Mitsubishi;GTO;1993;VZP112;Burdeo
Ferrari;575M Maranello;2006;DNB583;Azul
Mitsubishi;GTO;1997;JFQ278;Burdeo
Honda;CR-V;2023;QAV423;Blanco
Mitsubishi;Eclipse;1998;EDE928;Rojo
Honda;Life;1974;JUR929;Azul
Mitsubishi;Lancer Evolution;2014;BTZ872;Negro
Ferrari;Purosangue;2022;SYJ686;Burdeo
Honda;FR-V;2007;IIY996;Verde
Toyota;4Runner;2002;RCM744;Rojo
Ferrari;F430;2006;QPL863;Rojo
Honda;Accord;1981;HGP246;Blanco
Mitsubishi;GTO;1992;GWU424;Rojo
Mitsubishi;GTO;1991;LKJ973;Amarillo
Toyota;Corolla;1967;ELK922;Amarillo
Mitsubishi;Eclipse;2006;XVH486;Verde
Toyota;Supra;2021;LZK733;Blanco
Toyota;Hilux;2023;IUC862;Morado
Ferrari;California;2009;XLL317;Burdeo
Toyota;Celica;1983;OAB797;Verde
Ferrari;Daytona;1971;RTO558;Morado
Ferrari;F430;2009;RTF868;Burdeo
Ferrari;Daytona;1973;GTP774;Blanco
Ferrari;F355;1994;ZRM698;Negro
Ferrari;575M Maranello;2006;VKG159;Verde
Mitsubishi;Galant;1978;ZOY489;Verde
Mitsubishi;Carisma;2004;BHL722;Morado
Toyota;GT86;2013;EIP325;Verde
Toyota;4Runner;1987;HLY596;Blanco
Mitsubishi;Outlander;2015;QUW354;Blanco
Ferrari;575M Maranello;2002;MZU634;Verde
Mitsubishi;Eclipse;1992;BQJ779;Rojo
Ferrari;F355;1997;ACN151;Azul
Mitsubishi;Carisma;1997;JHX866;Amarillo
Honda;FR-V;2004;FUR748;Blanco
Toyota;Yaris;2014;NKE539;Blanco
Mitsubishi;GTO;1996;BAC151;Blanco
Ferrari;Purosangue;2022;AFB568;Verde
Honda;FR-V;2006;HCB654;Burdeo
Honda;CR-V;2009;CBK493;Blanco
Mitsubishi;Carisma;2000;AHY516;Verde
Ferrari;575M Maranello;2006;NIA736;Morado
Ferrari;Purosangue;2022;KDJ767;Negro
Ferrari;California;2011;UUY157;Rojo
Honda;Civic Type-R;2014;RWB544;Verde
Mitsubishi;Galant;1980;DRB548;Verde
Toyota;Supra;2021;POE936;Amarillo
Mitsubishi;Outlander;2014;OPV566;Morado
Mitsubishi;Lancer;2016;UCO875;Burdeo
Ferrari;575M Maranello;2003;TKA376;Rojo
Toyota;Yaris;2015;FFT911;Azul
Honda;Fit;2020;NNJ626;Burdeo
Mitsubishi;Outlander;2009;XPO191;Azul
Honda;Fit;1991;ZSD444;Blanco
Ferrari;Daytona;1973;CVS768;Blanco
Ferrari;California;2015;BXZ364;Azul
Toyota;Supra;1996;RRS357;Rojo
Ferrari;Purosangue;2023;HSV758;Verde
Ferrari;575M Maranello;2005;JRZ485;Negro
Toyota;Corolla;2022;FXH324;Rojo
Mitsubishi;Eclipse;2006;GAP887;Negro
Mitsubishi;Carisma;1998;RJW228;Negro
Ferrari;Enzo;2003;DGR686;Morado
Mitsubishi;Colt;1999;PDN862;Azul
Mitsubishi;Lancer;1986;CEY861;Burdeo
Ferrari;Daytona;1970;KCH248;Amarillo
Ferrari;275;1968;LHO645;Negro
Ferrari;275;1966;BIP566;Verde
Toyota;Hilux;2005;QWX119;Blanco
Honda;FR-V;2006;VGC315;Rojo
Ferrari;Purosangue;2022;MTC928;Verde
Mitsubishi;Lancer Evolution;2000;QWX223;Amarillo
Honda;Brio;2011;HWK927;Verde
Mitsubishi;Galant;1990;WWK371;Morado
Toyota;Celica;2010;UZC877;Verde
Mitsubishi;Lancer;1976;ELE398;Blanco
Ferrari;575M Maranello;2005;JDZ748;Amarillo
Honda;Logo;2000;JWW968;Negro
Honda;S2000;2006;SOK468;Burdeo
Ferrari;F355;1994;LST981;Amarillo
Toyota;Hilux;2005;TKO194;Negro
Toyota;GT86;2016;VQW464;Negro
Toyota;4Runner;1996;YVI645;Negro
Toyota;2000GT;1967;MUE915;Blanco
Toyota;GT86;2016;KIB755;Azul
Toyota;Corolla;1970;BIF993;Verde
Honda;Fit;2000;KFZ626;Amarillo
Mitsubishi;Lancer;2008;GQV245;Blanco
Toyota;4Runner;2013;CRN235;Azul
Mitsubishi;Carisma;2003;RQT979;Negro
Mitsubishi;Galant;1999;DWK547;Negro
Honda;CR-V;2000;LER445;Amarillo
Toyota;Supra;1978;DMI368;Rojo
Honda;Accord;2006;SQI993;Amarillo
Mitsubishi;Carisma;1997;NNG254;Rojo
Ferrari;F430;2009;DCX255;Rojo
Toyota;Supra;1999;YVM695;Azul