Mitsubishi;Colt;2002;LZF559;Azul
Honda;Accord;1994;PLW613;Amarillo
Ferrari;California;2014;YCZ487;Rojo
Ferrari;575M Maranello;2002;LKE279;Negro
Honda;S2000;2009;PJH928;Blanco
Mitsubishi;GTO;1991;QMM657;Negro
Honda;Life;1973;QPC523;Blanco
Mitsubishi;Lancer;1984;HAP336;Amarillo
Mitsubishi;Colt;2003;HZK787;Amarillo
Honda;Fit;2010;AJU111;Verde
Ferrari;F355;1994;RKB223;Morado
Toyota;2000GT;1970;JNS214;Negro
Mitsubishi;Outlander;2022;KKN222;Amarillo
Toyota;Celica;2005;GMO532;Negro
Ferrari;575M Maranello;2003;TCN714;Morado
Toyota;Alpharad;2003;VWM724;Verde
Ferrari;575M Maranello;2004;WML328;Rojo
Toyota;Corolla;2018;XAO622;Blanco
Mitsubishi;Galant;2005;VOG479;Burdeo
Toyota;Alpharad;2011;ISP437;Azul
Ferrari;F355;1998;QPW555;Amarillo
Ferrari;California;2008;BYO111;Morado
Ferrari;275;1964;RXN442;Azul
Ferrari;Daytona;1969;HFH665;Negro
Mitsubishi;Lancer Evolution;2008;AHC363;Verde
Mitsubishi;Colt;1999;WTB795;Blanco
Ferrari;Daytona;1969;GGD461;Verde
Ferrari;Daytona;1970;IYM332;Blanco
Ferrari;275;1966;OSB581;Azul
Ferrari;575M Maranello;2006;IFT191;Rojo
Ferrari;Purosangue;2023;VEA931;Blanco
Ferrari;575M Maranello;2005;DIF524;Azul
Ferrari;California;2017;XGT815;Rojo
Honda;Life;1974;FEN528;Rojo
Mitsubishi;GTO;1999;ORR411;Amarillo
Toyota;Supra;1983;CUD266;Verde
Ferrari;Daytona;1972;ICY873;Azul
Mitsubishi;GTO;1992;BCG875;Amarillo
Honda;FR-V;2004;ENK485;Rojo
Toyota;T100;1998;MVT633;Morado
Ferrari;Purosangue;2023;UST992;Burdeo
Mitsubishi;Eclipse;2006;NHG352;Amarillo
Toyota;T100;1993;UET277;Verde
Honda;Quint;1984;YDE628;Rojo
Ferrari;575M Maranello;2006;XRQ696;Blanco
Ferrari;275;1965;CJY278;Azul
Toyota;Hilux;2022;GNL113;Azul
Toyota;Supra;2022;TKW624;Negro
Ferrari;Purosangue;2022;OYK214;Verde
Mitsubishi;Eclipse;1990;GRB356;Blanco
Toyota;T100;1995;BNH446;Rojo
Ferrari;575M Maranello;2004;DKC877;Verde
Honda;Life;1971;DYH279;Rojo
Mitsubishi;GTO;1994;SBZ193;Negro
Toyota;Corolla;1976;SSX893;Morado
Honda;CR-V;2008;BON684;Verde
Toyota;Corolla;2008;URO121;Blanco
Honda;Logo;1999;FJQ721;Morado
Ferrari;F430;2006;CRH629;Amarillo
Ferrari;F430;2005;ZSQ715;Azul
Honda;CR-V;2006;XGA375;Rojo
Honda;Jazz;2023;SYB385;Negro
Ferrari;Purosangue;2022;EOP623;Morado
Ferrari;Daytona;1970;JUO899;Burdeo
Honda;Accord;1977;THL285;Morado
Toyota;Hilux;2013;JPY116;Azul
Ferrari;Daytona;1973;BIJ175;Azul
Toyota;GT86;2015;LWN878;Verde
Toyota;2000GT;1968;KAW437;Azul
Honda;Accord;1995;IFT733;Burdeo
Honda;Civic Type-R;1998;TPX673;Burdeo
Ferrari;California;2012;GDD986;Negro
Honda;Accord;2010;VQC753;Azul
Honda;Logo;2000;GNI339;Verde
Mitsubishi;Colt;2002;CJR164;Negro
Mitsubishi;Outlander;2008;HKF313;Blanco
Honda;Quint;1984;FJX546;Azul
Honda;CR-V;2000;FEY548;Amarillo
Toyota;Celica;2008;LEK155;Rojo
Mitsubishi;Lancer;1996;GWS225;Negro
Ferrari;F430;2008;RRL197;Burdeo
Mitsubishi;Galant;1983;UKP766;Amarillo
Ferrari;F355;1999;XLR153;Azul
Honda;Fit;2000;GKP992;Amarillo
Honda;Quint;1985;ASF185;Rojo
Ferrari;Enzo;2003;YXI388;Negro
Toyota;GT86;2023;UDX946;Morado
Ferrari;Enzo;2003;YJW427;Azul
Honda;Civic Type-R;2021;WQT821;Verde
Mitsubishi;GTO;1998;BRX679;Azul
Mitsubishi;Lancer Evolution;2005;CCJ223;Blanco
Honda;Quint;1985;AOY843;Morado
Honda;Jazz;2010;KRE763;Burdeo
Ferrari;F355;1996;NXC857;Burdeo
Ferrari;575M Maranello;2003;SWH621;Amarillo
Toyota;Supra;2023;XCD816;Amarillo
Honda;Life;1973;PAJ263;Negro
Mitsubishi;Carisma;2001;XHT664;Azul
Ferrari;Enzo;2003;WMC683;Burdeo
Ferrari;Daytona;1969;PLU612;Negro
Honda;S2000;2003;WXV572;Morado
Ferrari;Daytona;1970;CJQ372;Azul
Ferrari;575M Maranello;2006;VRL746;Morado
Mitsubishi;Lancer Evolution;2000;ISI194;Morado
Mitsubishi;Lancer Evolution;2001;WSY255;Amarillo
Toyota;Supra;2022;XKK986;Amarillo
Toyota;Supra;2021;QMI918;Negro
Toyota;Supra;2022;OQG112;Azul
Mitsubishi;Lancer;2003;HQU922;Blanco
Toyota;2000GT;1968;LCO726;Amarillo
Mitsubishi;Carisma;2001;EFF254;Azul
Mitsubishi;Outlander;2023;IHS633;Morado
Ferrari;California;2010;CEM823;Verde
Toyota;Supra;2019;LJU285;Rojo
Mitsubishi;GTO;1990;LNY918;Negro
Honda;S2000;2007;CRN469;Azul
Honda;Fit;1994;VBT986;Morado
Honda;Quint;1981;UAF179;Negro
Mitsubishi;Galant;1977;GDH717;Negro
Ferrari;California;2013;HWW754;Morado
Toyota;Supra;1998;KOK985;Morado
Toyota;GT86;2020;BVJ222;Amarillo
Honda;Brio;2011;MYL923;Burdeo
Mitsubishi;Lancer Evolution;2000;HVC458;Amarillo
Honda;Jazz;2010;XGD225;Morado
Ferrari;California;2017;LGS671;Azul
Toyota;Supra;1978;WXD512;Amarillo
Ferrari;575M Maranello;2004;BAH144;Blanco
Ferrari;275;1966;UFP826;Burdeo
Toyota;Supra;1978;WSY158;Blanco
Mitsubishi;GTO;1992;GDK114;Verde
Ferrari;California;2011;SQU418;Blanco
Ferrari;Daytona;1969;TCW421;Negro
Honda;Civic Type-R;2005;WGR862;Blanco
Mitsubishi;Galant;2007;NDM832;Azul
Toyota;Alpharad;2023;QEI261;Blanco
Mitsubishi;Carisma;2000;JPD761;Morado
Ferrari;Enzo;2002;RPR836;Azul
Mitsubishi;Outlander;2010;KFX328;Rojo
Honda;Quint;1984;CJF581;Negro
Mitsubishi;Outlander;2021;ZST984;Negro
Toyota;Hilux;2015;TOU899;Negro
Toyota;Corolla;1980;ETQ244;Azul
Toyota;2000GT;1968;MIT515;Burdeo
Ferrari;275;1968;OFM266;Amarillo
Mitsubishi;Outlander;2018;BZU448;Burdeo
Toyota;T100;1993;VML611;Negro
Honda;Quint;1980;NAX488;Rojo
Mitsubishi;Eclipse;1989;MDH284;Amarillo
Ferrari;275;1966;SEE365;Azul
Ferrari;Purosangue;2022;ABB762;Rojo
Ferrari;F430;2005;ILO988;Negro
Mitsubishi;Galant;1994;WEW179;Azul
Toyota;Yaris;2016;BFR884;Azul
Ferrari;California;2018;LIU651;Negro
Mitsubishi;Outlander;2019;KCD765;Rojo
Ferrari;Enzo;2003;ZUO745;Negro
Honda;Vigor;1983;OJB639;Burdeo
Ferrari;F430;2007;DNW818;Azul
Honda;Logo;1996;UGK619;Morado
Toyota;Hilux;2019;EUC535;Negro
Honda;Vigor;1993;XPP968;Amarillo
Mitsubishi;Colt;2000;DCG437;Blanco
Honda;Vigor;1984;AWZ462;Morado
Ferrari;Purosangue;2022;FIH672;Amarillo
Honda;Civic Type-R;2023;HPT331;Morado
Ferrari;575M Maranello;2002;EDD973;Rojo
Mitsubishi;Outlander;2010;LYE668;Blanco
Ferrari;F430;2004;ILP889;Burdeo
Mitsubishi;Carisma;1997;TIW997;Morado
Ferrari;Enzo;2003;ZNC895;Rojo
Mitsubishi;Eclipse;1993;HZZ683;Negro
Ferrari;California;2008;URT881;Negro
Toyota;Hilux;2020;VFS484;Azul
Ferrari;F430;2008;KHU554;Negro
Honda;S2000;2000;QQX123;Burdeo
Honda;Accord;2006;IBO225;Amarillo
Honda;Beat;1996;KID872;Verde
Mitsubishi;Colt;2002;PQN377;Blanco
Honda;Life;1973;DYQ813;Burdeo
Mitsubishi;Galant;1990;ZIM797;Azul
Ferrari;California;2018;TJS477;Verde
Ferrari;Daytona;1974;TZV317;Blanco
Toyota;Hilux;2007;FQU535;Blanco
Honda;Vigor;1983;XXF368;Rojo
Ferrari;F355;1999;PWN336;Morado
Honda;CR-V;2007;XYM982;Burdeo
Ferrari;575M Maranello;2006;LFA896;Burdeo
Honda;Logo;1999;UYA743;Rojo
Ferrari;Purosangue;2023;KLD471;Azul
Toyota;Supra;1991;KTP533;Blanco
Ferrari;Enzo;2002;WAH878;Azul
Ferrari;Enzo;2004;KEQ876;Amarillo
Honda;Beat;1996;YTQ678;Blanco
Ferrari;Purosangue;2022;VIC388;Morado
Mitsubishi;Carisma;1996;YQG482;Azul
Toyota;4Runner;1987;GAY797;Blanco
Honda;Civic Type-R;2004;DNJ837;Morado
Honda;Jazz;2010;UEV141;Azul
Mitsubishi;Lancer Evolution;2005;TXU886;Azul